來源,縣市,地區,標題,租金,租金數字,押金,地址,樓層,坪數,房型,連結
591,台中,西屯區,搶❗❗💫逢甲水湳中國醫小資首選💫採光戶可租補可貓 - 591租屋網,"7,999元/月",7999,押金 二個月,西屯區長安路二段71巷,4F/6F,8坪,整層住家,https://rent.591.com.tw/21450936
591,台中,西屯區,🌈中科澄清⭐可租補⭐獨洗曬⭐子母車 - 591租屋網,"9,500元/月",9500,押金 二個月,西屯區中工三路,3F/7F,9坪,整層住家,https://rent.591.com.tw/21015226
591,台中,西屯區,貓咪首選✨可雙租補✨可報稅✨飲水機✨子母車✨陽台獨洗曬 - 591租屋網,"9,000元/月",9000,押金 二個月,西屯區西墩南二巷,1F/7F,10坪,整層住家,https://rent.591.com.tw/21485127
591,台中,西屯區,銷售中新建案,"8,500元/月",8500,押金 二個月,西屯區福上巷,5F/6F,6坪,整層住家,https://rent.591.com.tw/21374661
591,台中,西屯區,嘉晟社宅🌟西屯甘州五街🌟全新獨立套房🔥免仲介費🔥 - 591租屋網,"8,900元/月",8900,押金 二個月,西屯區甘州五街,4F/6F,8.77坪,獨立套房,https://rent.591.com.tw/21456314
591,台中,西屯區,♥可寵♥全新一級變頻冷氣♥免服務費♥乾濕分離浴缸 - 591租屋網,"9,500元/月",9500,押金 二個月,西屯區福星路,4F/6F,15坪,整層住家,https://rent.591.com.tw/16790323
591,台中,西屯區,逢甲僑光🌞租屋補助🌞室內機車位🌞有電梯🌞可貓兔 - 591租屋網,"4,999元/月",4999,押金 二個月,西屯區福星路,5F/7F,8.67坪,整層住家,https://rent.591.com.tw/21482119
591,台中,西屯區,東海澄清榮總必看🔥可租補🌈陽台獨洗曬🍎電梯🍎子母車 - 591租屋網,"9,000元/月",9000,押金 二個月,西屯區玉門路,3F/5F,8坪,整層住家,https://rent.591.com.tw/21486586
591,台中,西屯區,★中科園區★榮總澄清★極致大理石美學★造型層板設計★獨立洗曬 - 591租屋網,"10,000元/月",10000,押金 二個月,西屯區福科路,5F/8F,12坪,整層住家,https://rent.591.com.tw/21368524
591,台中,西屯區,可申請租屋補助!!全新變頻冷暖氣!!近逢甲大學套房出租 - 591租屋網,"4,700元/月",4700,押金 二個月,西屯區逢甲路116號,4F/5F,5坪,整層住家,https://rent.591.com.tw/21458433
591,台中,西屯區,台水電💢逢甲獨洗陽台小資套房/可租補 - 591租屋網,"6,500元/月",6500,押金 二個月,西屯區華夏巷西五弄,2F/5F,10坪,整層住家,https://rent.591.com.tw/21484135
591,台中,西屯區,逢甲.捷運站🍁雙租補🍁免管理費🍁子母車🍁機車位 - 591租屋網,"7,000元/月",7000,押金 二個月,西屯區重慶路,2F/4F,10坪,整層住家,https://rent.591.com.tw/21296851
591,台中,西屯區,限時秒殺價✨可貓可租補🐱管理員👨‍✈️市政府捷運 - 591租屋網,"7,999元/月",7999,押金 二個月,西屯區大墩二十街,5F/6F,5坪,整層住家,https://rent.591.com.tw/21489174
591,台中,西屯區,質感社區🎀屋況乾淨🎀變頻冷暖🎀系統裝潢🎀陽台獨曬 - 591租屋網,"9,999元/月",9999,押金 二個月,西屯區漢口路二段,5F/9F,10坪,整層住家,https://rent.591.com.tw/21375197
591,台中,西屯區,💖東海中科💖✅可租補✅乾淨✅室內機車位✅代收包裹 - 591租屋網,"4,000元/月",4000,押金 二個月,西屯區順和三街,1F/6F,6坪,整層住家,https://rent.591.com.tw/21490677
591,台中,西屯區,🌈漢口文華⭐可租補⭐獨洗曬⭐流理台子母車 - 591租屋網,"9,000元/月",9000,押金 二個月,西屯區甘肅路一段,5F/5F,9坪,整層住家,https://rent.591.com.tw/21411745
591,台中,西屯區,🍀買一送一近新光遠百🍀格局方正獨洗曬機車位乾濕分離可租補 - 591租屋網,"8,900元/月",8900,押金 二個月,西屯區何厝街,3F/5F,12坪,整層住家,https://rent.591.com.tw/21475329
591,台中,西屯區,✨暖色調裝潢✨打造生活儀式感🔥租屋小天地🔥回家真好 - 591租屋網,"8,600元/月",8600,押金 二個月,西屯區西安街,7F/14F,14坪,整層住家,https://rent.591.com.tw/21463082
591,台中,西屯區,我家是城堡❤️走路新光上班❤️陽台獨洗曬❤️可雙租補 - 591租屋網,"8,999元/月",8999,押金 二個月,西屯區杏林路83巷,2F/4F,10坪,整層住家,https://rent.591.com.tw/21470453
591,台中,西屯區,🎉可租補✨台水台電✨陽台獨曬✨精美採光✨小資套房 - 591租屋網,"5,500元/月",5500,押金 二個月,西屯區華夏巷西五弄,2F/5F,8坪,整層住家,https://rent.591.com.tw/21489285
591,台中,西屯區,電梯🌈租補✔陽台獨洗⭐子母車⭐逢甲大學💖文心路 - 591租屋網,"6,700元/月",6700,押金 二個月,西屯區福星路,7F/8F,8坪,整層住家,https://rent.591.com.tw/21441039
591,台中,西屯區,"西屯陽台,獨洗,全配套房,含網路第4台 - 591租屋網","8,000元/月",8000,押金 二個月,西屯區逢甲路75巷,3F/8F,7坪,整層住家,https://rent.591.com.tw/21327333
591,台中,西屯區,逢甲可貓✨可凸窗曬✅短租首選✅租屋補助✅ - 591租屋網,"5,799元/月",5799,押金 二個月,西屯區文華路,5F/8F,11坪,整層住家,https://rent.591.com.tw/21485963
591,台中,西屯區,✨西屯台中工業區✨大空間陽台獨洗曬✨可租補✨汽車好停 - 591租屋網,"9,999元/月",9999,押金 二個月,西屯區順和七街,1F/7F,10坪,整層住家,https://rent.591.com.tw/21486401
591,台中,西屯區,✅秒殺便宜電梯華廈套房✅可雙租補✅水湳中國醫✅ - 591租屋網,"9,500元/月",9500,押金 二個月,西屯區長安路二段,6F/8F,11坪,整層住家,https://rent.591.com.tw/21453153
591,台中,西屯區,可租補.台水電.電梯子母車.東海大學.小資首選 - 591租屋網,"4,999元/月",4999,押金 二個月,西屯區福聯街,5F/14F,7坪,整層住家,https://rent.591.com.tw/21355813
591,台中,西屯區,★逢甲商圈★日式無印風★獨洗曬陽台★IH爐流理臺★乾濕分離衛 - 591租屋網,"8,000元/月",8000,押金 二個月,西屯區西屯路二段,5F/8F,12坪,整層住家,https://rent.591.com.tw/21368460
591,台中,西屯區,可申請租屋補助~沙發~歡迎入住逢甲 - 591租屋網,"7,800元/月",7800,押金2個月,西屯區中新巷,1F/3F,7坪,整層住家,https://rent.591.com.tw/21325475
591,台中,西屯區,可租補走路一分鐘到榮總東海大學🌟台水電多間套房 - 591租屋網,"6,000元/月",6000,押金 二個月,西屯區福聯街15巷,10F/13F,5.45坪,整層住家,https://rent.591.com.tw/21476866
591,台中,西屯區,台水電💢電梯管理員秒殺套房/可租補 - 591租屋網,"6,500元/月",6500,押金 二個月,西屯區至善路,6F/6F,10坪,整層住家,https://rent.591.com.tw/21483851
591,台中,西屯區,🏡逢甲｜原木系套房 - 591租屋網,"7,000元/月",7000,押金 面議,西屯區西屯路二段291號,3F/8F,5坪,整層住家,https://rent.591.com.tw/21410162
591,台中,西屯區,🐈走路逢甲寵物友善🐕超大空間便宜首選💖戶數少可雙租補✨ - 591租屋網,"8,500元/月",8500,押金 二個月,西屯區福星路,3F/5F,13坪,整層住家,https://rent.591.com.tw/21468618
591,台中,西屯區,精華地段🎀質感美屋🎀漢口商圈🎀近捷運站🎀租屋補助 - 591租屋網,"10,000元/月",10000,押金 二個月,西屯區漢口路二段,5F/9F,10坪,整層住家,https://rent.591.com.tw/21375234
591,台中,西屯區,🌈朝馬近交流道⭐可貓可租補⭐子母車⭐獨洗 - 591租屋網,"9,000元/月",9000,押金 二個月,西屯區朝馬二街,3F/7F,8坪,整層住家,https://rent.591.com.tw/21373060
591,台中,西屯區,逢甲🎈租補✨CP高❤️管理員 - 591租屋網,"6,499元/月",6499,押金 二個月,西屯區河南路二段,5F/6F,10坪,整層住家,https://rent.591.com.tw/21432801
591,台中,西屯區,💛裝潢美房☆租屋補助☆逢甲～美食💚 - 591租屋網,"7,999元/月",7999,押金 二個月,西屯區逢甲路20巷,4F/5F,10.01坪,整層住家,https://rent.591.com.tw/21473035
591,台中,西屯區,"逢甲夜市,可愛套房,免費機車位 - 591租屋網","5,000元/月",5000,押金 二個月,西屯區福上巷323弄10號,3F/3F,4坪,整層住家,https://rent.591.com.tw/21359347
591,台中,西屯區,租房找小林✨中科東海陽台套房✅可租補可營登工作室 - 591租屋網,"7,000元/月",7000,押金 二個月,西屯區福聯街,5F/7F,5坪,整層住家,https://rent.591.com.tw/21444920
591,台中,西屯區,水湳逢甲🍁小資款🍁雙租補🍁子母車🍁環境單純 - 591租屋網,"7,200元/月",7200,押金 二個月,西屯區成都路,3F/6F,10坪,整層住家,https://rent.591.com.tw/21469008
591,台中,西屯區,逢甲大學旁優質套房走路可到逢甲大學 - 591租屋網,"7,000元/月",7000,押金 二個月,西屯區西安街277巷,2F/4F,6坪,整層住家,https://rent.591.com.tw/21366525
591,台中,西屯區,秒殺✨中工東海✨可租補✨陽台獨洗曬✨子母車✨飲水機✨機車位✨ - 591租屋網,"9,500元/月",9500,押金 二個月,西屯區順和七街,1F/7F,10坪,整層住家,https://rent.591.com.tw/21478660
591,台中,西屯區,電梯套房/近市府/SOGO/大遠百 - 591租屋網,"9,000元/月",9000,押金 二個月,西屯區四川路,5F/5F,8坪,整層住家,https://rent.591.com.tw/21384367
591,台中,西屯區,💚透天美房♧租屋補助♧報稅～市政府💛 - 591租屋網,"5,999元/月",5999,押金 二個月,西屯區惠中路,2F/5F,11坪,整層住家,https://rent.591.com.tw/21490405
591,台中,西屯區,可貓貓🐱可租補✨便宜獨曬套房💖近水湳逢甲 - 591租屋網,"7,999元/月",7999,押金 二個月,西屯區河南東二街,2F/3F,10坪,整層住家,https://rent.591.com.tw/21483974
591,台中,西屯區,東海榮總♡電梯套房♡超省租屋補助♡機車位♡飲水機♡子母車 - 591租屋網,"3,999元/月",3999,押金 二個月,西屯區順和三街,1F/6F,10坪,整層住家,https://rent.591.com.tw/21478514
591,台中,西屯區,小資最愛💛可租補💛走路逢甲💛電梯陽台💛系統裝潢💛 - 591租屋網,"6,299元/月",6299,押金 二個月,西屯區中新巷,5F/6F,8坪,整層住家,https://rent.591.com.tw/21385635
591,台中,西屯區,✨全新電梯套房✨獨洗曬✨可租補✨飲水機✨子母車✨中國醫 - 591租屋網,"7,000元/月",7000,押金 二個月,西屯區長安路二段71巷,2F/6F,10坪,整層住家,https://rent.591.com.tw/21449987
591,台中,西屯區,可貓可租補🌈台電計費✅新光大遠百✅陽台獨洗✅短租首選 - 591租屋網,"5,999元/月",5999,押金 二個月,西屯區櫻花路,7F/9F,11坪,整層住家,https://rent.591.com.tw/21371690
591,台中,西屯區,西屯✨逢甲商圈✨可養寵✨可雙租補✨生活機能方便 - 591租屋網,"6,000元/月",6000,押金 二個月,西屯區福上巷,1F/4F,5坪,整層住家,https://rent.591.com.tw/21474824
591,台中,西屯區,可租屋補助⭐全新整理⭐獨立洗衣機⭐子母車⭐ - 591租屋網,"10,000元/月",10000,押金 二個月,西屯區青海路二段,4F/5F,8坪,整層住家,https://rent.591.com.tw/21445266
591,台中,西屯區,新光遠百逢甲捷運站🍁陽台獨洗🍁可租補🍁子母車🍁 - 591租屋網,"8,500元/月",8500,押金 二個月,西屯區何厝街,2F/4F,10坪,整層住家,https://rent.591.com.tw/21479819
591,台中,西屯區,委誠限定🏅可雙租補🐈可寵喵✨近全新完工質感家俱釋出一席 - 591租屋網,"10,000元/月",10000,押金 二個月,西屯區中清路二段1250巷,3F/7F,8坪,整層住家,https://rent.591.com.tw/21246969
591,台中,西屯區,近遠百✨雙租補✨獨洗陽台✨衛浴開窗✨沙發化妝桌✨採光好機能佳 - 591租屋網,"9,000元/月",9000,押金 二個月,西屯區青海路一段,2F/4F,9.5坪,整層住家,https://rent.591.com.tw/21368484
591,台中,西屯區,西屯逢甲💖陽台獨洗💖秒殺房型💖 - 591租屋網,"10,000元/月",10000,押金 二個月,西屯區黎明路三段,4F/7F,10坪,整層住家,https://rent.591.com.tw/21463052
591,台中,西屯區,西屯水湳💜華美西街💜CP值滿分衛浴開窗 - 591租屋網,"7,500元/月",7500,押金 二個月,西屯區華美西街二段485巷,2F/5F,7.6坪,整層住家,https://rent.591.com.tw/21405541
591,台中,西屯區,🌟中科榮總澄清東海🌟可租補🌟系統櫃裝潢🌟稀有大露台 - 591租屋網,"9,000元/月",9000,押金 二個月,西屯區宏恩三巷35巷,2F/3F,12坪,整層住家,https://rent.591.com.tw/21486163
591,台中,西屯區,逢甲✔走路就到❤cp高✨喵 - 591租屋網,"8,800元/月",8800,押金 二個月,西屯區文華路,2F/5F,10坪,整層住家,https://rent.591.com.tw/21490042
591,台中,西屯區,💯逢甲｜西屯｜金財神社區|套房｜可租屋補助 - 591租屋網,"8,000元/月",8000,押金 二個月,西屯區文華路162巷10號,5F/5F,4坪,整層住家,https://rent.591.com.tw/21436703
591,台中,西屯區,🎓近逢甲💪🏻西屯逢甲‼️可雙租補可戶籍🪴獨洗雙陽台 - 591租屋網,"8,000元/月",8000,押金 二個月,西屯區寶慶街50巷,5F/11F,10坪,整層住家,https://rent.591.com.tw/21490874
591,台中,西屯區,可雙租補✨全新裝潢✨超美採光/職業單純學生宿舍✨逢甲商圈 - 591租屋網,"8,000元/月",8000,押金 二個月,西屯區上安路18巷,6F/7F,7坪,整層住家,https://rent.591.com.tw/21485385
591,台中,西屯區,逢甲可貓✨陽台獨洗✨租屋補助✨短租首選 - 591租屋網,"5,599元/月",5599,押金 二個月,西屯區文華路,4F/6F,13坪,整層住家,https://rent.591.com.tw/21406826
591,台中,西屯區,城市租屋❤租補✔子母車✔精明商圈大套房 - 591租屋網,"9,000元/月",9000,押金 二個月,西屯區精明一街,4F/5F,10坪,整層住家,https://rent.591.com.tw/21445353
591,台中,西屯區,西屯逢甲🔥秒殺🔥多間可選先選先贏✅可租補✅可寵 - 591租屋網,"4,500元/月",4500,押金 二個月,西屯區福星路,3F/5F,10坪,整層住家,https://rent.591.com.tw/21453864
591,台中,西屯區,🌹僑光逢甲商圈鬧中取靜◆大空間採光好◆陽台獨洗◆單純戶數少 - 591租屋網,"8,000元/月",8000,押金 二個月,西屯區西安街130巷,4F/5F,10坪,整層住家,https://rent.591.com.tw/21484151
591,台中,西屯區,逢甲僑光優選套房 - 591租屋網,"4,800元/月",4800,"押金 5,000元",西屯區福星路,3F/5F,7坪,整層住家,https://rent.591.com.tw/21410677
591,台中,西屯區,屋主自租（免服務費可租補)近水湳中國醫大.逢甲時尚套房有陽台 - 591租屋網,"9,000元/月",9000,押金 二個月,西屯區中清西二街45巷,2F/4F,10坪,整層住家,https://rent.591.com.tw/21484473
591,台中,西屯區,🩶精華地段近逢甲｜可雙租補｜台電分算｜系統櫃｜學生首選🩶 - 591租屋網,"5,800元/月",5800,押金 面議,西屯區長安路二段51巷,2F/3F,7坪,整層住家,https://rent.591.com.tw/21463412
591,台中,西屯區,屋主自租~文華高中捷運旁精美套房~可租補 - 591租屋網,"6,000元/月",6000,押金 二個月,西屯區河南路二段20號,5F/5F,6坪,整層住家,https://rent.591.com.tw/21307527
591,台中,西屯區,可租補❤️逢甲學區❤️學生最愛❤️獨洗曬 - 591租屋網,"6,999元/月",6999,押金 二個月,西屯區福上巷,4F/5F,10坪,整層住家,https://rent.591.com.tw/21400675
591,台中,西屯區,西屯小資套房限女✨電梯.網路.子母車 - 591租屋網,"5,000元/月",5000,押金 二個月,西屯區西屯路二段,3F/7F,5坪,整層住家,https://rent.591.com.tw/21110587
591,台中,西屯區,逢甲✨電梯❤租補⚡專屬洗衣機 - 591租屋網,"5,499元/月",5499,押金 二個月,西屯區河南路二段,6F/7F,10坪,整層住家,https://rent.591.com.tw/21490048
591,台中,西屯區,⚡逢甲台水電陽台獨洗⚡走路到逢甲⚡飲水機子母車⚡管理員機車位 - 591租屋網,"5,000元/月",5000,押金 二個月,西屯區福上巷,5F/5F,6坪,整層住家,https://rent.591.com.tw/21462968
591,台中,西屯區,★可租補★超漂亮★流理台★乾溼分離★獨洗★靜巷★ - 591租屋網,"7,999元/月",7999,押金 二個月,西屯區寧夏東五街,2F/6F,10坪,整層住家,https://rent.591.com.tw/21486578
591,台中,西屯區,秒殺大空間✨陽台獨洗✨絕美採光✨超省租屋補助 - 591租屋網,"8,799元/月",8799,押金 二個月,西屯區重慶路,2F/5F,14坪,整層住家,https://rent.591.com.tw/20218210
591,台中,西屯區,❤台水電流理台超優採光電梯管理員可租補 - 591租屋網,"8,000元/月",8000,押金 二個月,西屯區甘肅路一段,10F/15F,10坪,整層住家,https://rent.591.com.tw/21461344
591,台中,西屯區,🔥西屯｜近新光遠百獨洗曬大套房｜✅可租補 - 591租屋網,"8,000元/月",8000,押金 二個月,西屯區弘孝路,4F/5F,10坪,整層住家,https://rent.591.com.tw/21484769
591,台中,西屯區,逢甲商圈/獨立套房/生活機能超強的！ - 591租屋網,"6,800元/月",6800,押金 二個月,西屯區文華路2號,3F/4F,6坪,獨立套房,https://rent.591.com.tw/21366374
591,台中,西屯區,便宜套房出租 - 591租屋網,"7,000元/月",7000,押金 二個月,西屯區至善路,1F/5F,7坪,整層住家,https://rent.591.com.tw/21462346
591,台中,西屯區,💎輕奢美宅💎電梯管理員💎台水電💎小資福音💎 - 591租屋網,"7,600元/月",7600,押金 二個月,西屯區福星路,5F/7F,10坪,整層住家,https://rent.591.com.tw/21426625
591,台中,西屯區,台水電專租🍎可租補🍎❤24h管理員❤包網路第四台 - 591租屋網,"7,000元/月",7000,押金 二個月,西屯區西屯路二段湳子巷,5F/6F,7坪,整層住家,https://rent.591.com.tw/21466758
591,台中,西屯區,💖走路到捷運💖電梯陽台獨洗💖機車位💖可租補 - 591租屋網,"9,000元/月",9000,押金 二個月,西屯區天水中街,1F/7F,9坪,整層住家,https://rent.591.com.tw/21478119
591,台中,西屯區,近逢甲✨小資精美大套✨可貓雙租補✨獨洗✨便宜又大間✨機車好停 - 591租屋網,"7,000元/月",7000,押金 二個月,西屯區青海路一段,5F/6F,10坪,整層住家,https://rent.591.com.tw/21417418
591,台中,西屯區,【台中優質套房｜管理嚴謹｜小資到旗艦多樣選擇】 - 591租屋網,"9,200元/月",9200,押金 二個月,西屯區寧夏西四街7號,6F/12F,10坪,整層住家,https://rent.591.com.tw/21488462
591,台中,西屯區,新光遠百逢甲水湳🍁陽台獨洗🍁可租補🍁變頻冷氣🍁子母車 - 591租屋網,"9,500元/月",9500,押金 二個月,西屯區甘肅路一段,5F/5F,10坪,整層住家,https://rent.591.com.tw/21224997
591,台中,西屯區,★逢甲商圈★輕法式精品宅★流理臺IH爐★獨洗曬陽台★精品乾濕 - 591租屋網,"10,000元/月",10000,押金 二個月,西屯區河南路二段,5F/8F,16坪,整層住家,https://rent.591.com.tw/21368497
591,台中,西屯區,台電可寵🍁租屋補助🍁獨洗曬🍁大空間🍁管理員 - 591租屋網,"8,999元/月",8999,押金 二個月,西屯區逢甲路19巷,7F/7F,14坪,整層住家,https://rent.591.com.tw/21406620
591,台中,西屯區,逢甲商圈超值套房舒適乾淨 - 591租屋網,"5,000元/月",5000,押金 二個月,西屯區上石北五巷5號,3F/5F,3坪,整層住家,https://rent.591.com.tw/21473272
591,台中,西屯區,逢甲❤台水台電✨專屬洗衣機✅租補 - 591租屋網,"4,999元/月",4999,押金 二個月,西屯區福上巷214巷,3F/5F,11坪,整層住家,https://rent.591.com.tw/21134565
591,台中,西屯區,★新光遠百★現代紳士風★飯店式大電視★質感木地板★一卡皮箱即 - 591租屋網,"10,000元/月",10000,押金 二個月,西屯區惠中路100巷,5F/8F,16坪,整層住家,https://rent.591.com.tw/21368415
591,台中,西屯區,♡西屯秒殺套房♡雙租補♡子母車♡飲水機♡近捷運♡ - 591租屋網,"7,700元/月",7700,押金 二個月,西屯區洛陽路,3F/5F,8坪,整層住家,https://rent.591.com.tw/21490808
591,台中,西屯區,可租補✨獨洗獨曬✨全新系統裝潢✨機車位/開窗衛浴✨櫻花捷運 - 591租屋網,"8,500元/月",8500,,西屯區天水中街,5F/7F,7坪,整層住家,https://rent.591.com.tw/21485356
591,台中,西屯區,西屯♥稀有質感多間陽台美房★近新光.逢甲★可供更多房源篩選 - 591租屋網,"8,500元/月",8500,押金 二個月,西屯區上安路18巷,5F/7F,8坪,整層住家,https://rent.591.com.tw/21362163
591,台中,西屯區,🅰️🅰️可租補🅰️台水台電獨洗逢甲商圈漂亮套房 - 591租屋網,"7,000元/月",7000,押金 二個月,西屯區黎明路三段,3F/13F,5坪,整層住家,https://rent.591.com.tw/6994799
591,台中,西屯區,✨逢甲僑光✨可租補❤飲水機❤獨洗❤流理台❤子母車✨可寵 - 591租屋網,"9,000元/月",9000,押金 二個月,西屯區華夏巷西一弄,6F/7F,10坪,整層住家,https://rent.591.com.tw/21490843
591,台中,西屯區,逢甲商圈💕小資省荷包❤️陽台獨洗🍁租屋補助 - 591租屋網,"7,700元/月",7700,押金 二個月,西屯區至善路,5F/6F,8坪,整層住家,https://rent.591.com.tw/21488914
591,台中,西屯區,東海工業區秒殺💖雙租屋補助💖陽台獨洗曬💖衛浴開窗 - 591租屋網,"9,499元/月",9499,押金 二個月,西屯區順和七街,6F/8F,12坪,整層住家,https://rent.591.com.tw/21475820
591,台中,西屯區,租補Jmall商圈中科超大採光陽台套房 - 591租屋網,"9,350元/月",9350,押金 二個月,西屯區中工二路,2F/5F,11坪,整層住家,https://rent.591.com.tw/21407563
591,台中,西屯區,環優靜近逢甲新光三越市政府設備齊全包不含電 - 591租屋網,"6,500元/月",6500,押金 二個月,西屯區至善路148巷26號,1F/2F,6坪,整層住家,https://rent.591.com.tw/21487022
591,台中,西屯區,⭐電梯套房📍近市政府✅免仲✅短租✅企業宿舍✅貓 - 591租屋網,"8,500元/月",8500,押金 二個月,西屯區大墩二十街,5F/6F,4坪,整層住家,https://rent.591.com.tw/21331340
591,台中,西屯區,逢甲僑光中國醫套房~單純學舍~歡迎租補 - 591租屋網,"3,800元/月",3800,押金 二個月,西屯區逢甲路20巷1號,4F/5F,5坪,整層住家,https://rent.591.com.tw/21424236
591,台中,西屯區,便宜套房出租（現況） - 591租屋網,"6,000元/月",6000,"押金 8,000元",西屯區至善路232號,1F/5F,5坪,整層住家,https://rent.591.com.tw/21460078
591,台中,西屯區,#雙人溫馨套房#可雙租補#台水電#固定機車位 - 591租屋網,"9,500元/月",9500,押金 二個月,西屯區文華路正煌巷,4F/7F,5坪,整層住家,https://rent.591.com.tw/21448028
591,台中,西屯區,🔥機會難得🔥逢甲蛋黃區🔥學生必看🔥等待下個有緣人🔥 - 591租屋網,"8,300元/月",8300,押金 二個月,西屯區文華路,6F/8F,16坪,整層住家,https://rent.591.com.tw/21463074
591,台中,西屯區,可租補#流理台#台水電#管理員#電梯#機能方便 - 591租屋網,"7,999元/月",7999,押金 二個月,西屯區寶慶街30巷,3F/12F,6.2坪,整層住家,https://rent.591.com.tw/21393541
591,台中,西屯區,逢甲電梯套房出租 - 591租屋網,"10,000元/月",10000,押金 二個月,西屯區逢甲路19巷16號,5F/7F,9.44坪,整層住家,https://rent.591.com.tw/21415166
591,台中,西屯區,陽台獨洗沙發~可養寵物~可租屋補助 - 591租屋網,"8,999元/月",8999,押金2個月,西屯區上石路,2F/3F,10坪,整層住家,https://rent.591.com.tw/21325576
591,台中,西屯區,🐱可貓‼️可雙租補💰近新光三越✨北歐風美宅🧺洗脫烘🔥 - 591租屋網,"8,800元/月",8800,押金 二個月,西屯區杏林路83巷,2F/4F,7坪,整層住家,https://rent.591.com.tw/21490951
591,台中,西屯區,可租補⛅可寵⛅台水電帳單⛅流理台⛅陽台獨洗⛅逢甲朝馬 - 591租屋網,"7,000元/月",7000,押金 二個月,西屯區至善路101巷,12F/15F,10坪,整層住家,https://rent.591.com.tw/21477776
591,台中,西屯區,西屯😎精美風格😎秒殺房型😎 - 591租屋網,"10,000元/月",10000,押金 二個月,西屯區文華路,3F/5F,8坪,整層住家,https://rent.591.com.tw/21363633
591,台中,西屯區,水湳逢甲中國醫🍁獨洗窗曬🍁雙租補🍁子母車 - 591租屋網,"9,000元/月",9000,押金 二個月,西屯區長安路二段,2F/5F,10坪,整層住家,https://rent.591.com.tw/21439242
591,台中,西屯區,💙捷運一分鐘，出站即到家💙可短租報稅💙採光好／大金空調 - 591租屋網,"8,000元/月",8000,押金 二個月,西屯區文心路三段,4F/5F,7坪,整層住家,https://rent.591.com.tw/21476363
591,台中,西屯區,#租補#兩間可選#好學生一人一間 - 591租屋網,"7,250元/月",7250,押金 二個月,西屯區至善路101巷,3F/13F,4.5坪,整層住家,https://rent.591.com.tw/21005196
591,台中,西屯區,屋主自租（房仲勿擾）逢甲僑光套房~單純學舍~可租補 - 591租屋網,"4,700元/月",4700,"押金 5,000元",西屯區西安街172巷6號,2F/7F,4.5坪,整層住家,https://rent.591.com.tw/21352457
591,台中,西屯區,走路逢甲上課超方便🌟可雙租補✅貓可談✅便宜秒殺釋出 - 591租屋網,"7,300元/月",7300,押金 二個月,西屯區福上巷,2F/3F,8坪,整層住家,https://rent.591.com.tw/21479115
591,台中,西屯區,獨洗窗曬👍飲水機👍租補👍大空間 - 591租屋網,"7,200元/月",7200,押金 二個月,西屯區洛陽路,5F/6F,7坪,整層住家,https://rent.591.com.tw/21443229
591,台中,西屯區,逢甲走路上學✨可雙租補✨陽台獨洗✨飲水機✨子母車✨搶先預約 - 591租屋網,"6,500元/月",6500,押金 二個月,西屯區福上巷,5F/6F,8坪,整層住家,https://rent.591.com.tw/21450263
591,台中,西屯區,可貓🌈市政府✅租屋補助✅新光三越✅短租首選 - 591租屋網,"6,499元/月",6499,押金 二個月,西屯區青海路一段,3F/5F,13坪,整層住家,https://rent.591.com.tw/21371594
591,台中,西屯區,西屯❤️電梯管理員❤️可雙租補❤️小資首選❤️奢華現代風 - 591租屋網,"7,700元/月",7700,押金 二個月,西屯區河南路二段,5F/11F,15坪,整層住家,https://rent.591.com.tw/21362856
591,台中,西屯區,逢甲💛可貓首選💛可雙租補💛電梯陽台獨洗💛近74💛 - 591租屋網,"9,499元/月",9499,押金 二個月,西屯區西墩南二巷,2F/7F,12坪,整層住家,https://rent.591.com.tw/21419179
591,台中,西屯區,逢甲青海文心路🌺稀有電梯🌺台水電🌺浴缸🌺可租補🌺 - 591租屋網,"6,500元/月",6500,押金 二個月,西屯區重慶路,5F/8F,6坪,整層住家,https://rent.591.com.tw/21486581
591,台中,西屯區,✨秒殺逢甲✨上課免通勤🔥睡飽再出門🔥奢華又安心🔥 - 591租屋網,"8,200元/月",8200,押金 二個月,西屯區西屯路二段,6F/8F,12坪,整層住家,https://rent.591.com.tw/21462921
591,台中,西屯區,🌈新光大遠百逢甲✅落地窗陽台✅短租首選✨租屋補助 - 591租屋網,"4,999元/月",4999,押金 二個月,西屯區西屯路二段,5F/6F,10坪,整層住家,https://rent.591.com.tw/21370214
591,台中,西屯區,逢甲新光遠百🌺質感輕奢裝潢🌺獨洗🌺採光🌺可貓🌺 - 591租屋網,"9,000元/月",9000,押金 二個月,西屯區杏林路83巷,2F/4F,5坪,整層住家,https://rent.591.com.tw/21463031
591,台中,西屯區,永遠愛著妳✨小資台電計費✨包水網路可租補✨陽台獨洗✨學生首選 - 591租屋網,"5,499元/月",5499,押金 二個月,西屯區華夏巷西五弄,2F/6F,8坪,整層住家,https://rent.591.com.tw/21482901
591,台中,西屯區,可租屋補助✨小資首選✨秒殺台水電✨獨立洗衣機✨機車位 - 591租屋網,"6,500元/月",6500,押金 二個月,西屯區西安街,3F/3F,7坪,整層住家,https://rent.591.com.tw/21405683
591,台中,西屯區,✨可租補✨有子母車✨有飲水機✨獨洗共烘✨ - 591租屋網,"9,000元/月",9000,押金 二個月,西屯區寧夏東五街,2F/5F,10坪,整層住家,https://rent.591.com.tw/21484123
591,台中,西屯區,可租補✨獨洗獨曬✨全新系統裝潢✨超美採光/衛浴開窗✨東海 - 591租屋網,"8,000元/月",8000,押金 二個月,西屯區順和一街,6F/7F,7坪,整層住家,https://rent.591.com.tw/21485405
591,台中,西屯區,🍎西屯透天電梯套✨室內停車🍎可租補陽台獨洗曬流理台 - 591租屋網,"9,500元/月",9500,押金 二個月,西屯區朝貴路,2F/5F,8坪,整層住家,https://rent.591.com.tw/21401427
591,台中,西屯區,可租補✨近中央公園✨方正格局✨採光很好✨好停車 - 591租屋網,"10,000元/月",10000,押金 二個月,西屯區廣吉一街,3F/6F,10坪,整層住家,https://rent.591.com.tw/21490327
591,台中,西屯區,可租補✨共洗獨曬✨全新裝潢✨管理員/乾溼分離✨近逢甲商圈 - 591租屋網,"7,500元/月",7500,押金 二個月,西屯區環中路二段,4F/5F,7坪,整層住家,https://rent.591.com.tw/21485329
591,台中,西屯區,🔥愛上逢甲小資套房✅可租補✅台水電計費 - 591租屋網,"7,200元/月",7200,押金 二個月,西屯區西屯路二段湳仔巷巷,4F/6F,5坪,整層住家,https://rent.591.com.tw/21481576
591,台中,西屯區,銷售中新建案,"7,999元/月",7999,押金 二個月,西屯區玉門路,3F/7F,11坪,整層住家,https://rent.591.com.tw/21322363
591,台中,西屯區,東海別墅秒殺✨雙租補學生套房✨電梯✨陽台獨洗曬✨子母車 - 591租屋網,"8,500元/月",8500,押金 二個月,西屯區順和一街,6F/6F,7坪,整層住家,https://rent.591.com.tw/21482345
591,台中,西屯區,小資秒殺套房✨可租補✨台水台電✨窗戶可曬✨管理員代收 - 591租屋網,"6,999元/月",6999,押金 二個月,西屯區西安街277巷,7F/7F,8坪,整層住家,https://rent.591.com.tw/21480547
591,台中,西屯區,小資套房🔥可租補🔥可寵🔥獨洗曬🔥近逢甲 - 591租屋網,"8,500元/月",8500,押金 二個月,西屯區逢甲巷,2F/5F,6坪,整層住家,https://rent.591.com.tw/20623394
591,台中,西屯區,中科瑞聯天地U區 - 591租屋網,"5,000元/月",5000,押金 二個月,西屯區福聯街22巷巷,5F/12F,4坪,整層住家,https://rent.591.com.tw/21404586
591,台中,西屯區,可租補✦市政府5分鐘✦採光好大套房🔆空間好利用 - 591租屋網,"8,000元/月",8000,押金 二個月,西屯區青海路一段46號,7F/8F,10坪,整層住家,https://rent.591.com.tw/21306002
信義,台中,西屯區,"台中市西屯區近逢甲套房家具可討論！，租金9,000，立即了解更多租屋資訊","9,000 元/月",9000,,"台中市西屯區近逢甲套房家具可討論！，租金9,000，立即了解更多租屋資訊",樓層：10樓/共12樓,坪數：7.80坪,"台中市西屯區近逢甲套房家具可討論！，租金9,000，立即了解更多租屋資訊",https://www.sinyi.com.tw/rent/houseno/C352085
信義,台中,西屯區,"台中市西屯區逢甲可租補急租套房，租金7,000，立即了解更多租屋資訊","7,000 元/月",7000,,"台中市西屯區逢甲可租補急租套房，租金7,000，立即了解更多租屋資訊",樓層：3樓/共5樓,坪數：6.89坪,"台中市西屯區逢甲可租補急租套房，租金7,000，立即了解更多租屋資訊",https://www.sinyi.com.tw/rent/houseno/C357063
信義,台中,西屯區,"台中市西屯區桂冠歐洲獨立套房出租，租金9,500，立即了解更多租屋資訊","9,500 元/月",9500,,"台中市西屯區桂冠歐洲獨立套房出租，租金9,500，立即了解更多租屋資訊",樓層：7樓/共12樓,坪數：10.80坪,"台中市西屯區桂冠歐洲獨立套房出租，租金9,500，立即了解更多租屋資訊",https://www.sinyi.com.tw/rent/houseno/C358386
信義,台中,西屯區,"台中市西屯區近東海套房出租，租金6,500，立即了解更多租屋資訊","6,500 元/月",6500,,"台中市西屯區近東海套房出租，租金6,500，立即了解更多租屋資訊",樓層：14樓/共15樓,坪數：4.00坪,"台中市西屯區近東海套房出租，租金6,500，立即了解更多租屋資訊",https://www.sinyi.com.tw/rent/houseno/C355801
租租通,台中,西屯區,輕井澤❤可小寵✨CP套房,"$7,499元/月",7499,,臺中市西區公益路,3 樓/5樓,法定用途，建物面積等，請依地址或出租方提供的資訊，到政府免費公開網站查詢。,獨立套房,https://www.dd-room.com/object/nmbhj2nhb6pz9enz
租租通,台中,西屯區,稀有可貓🍀子母車🍀租屋補助🍀美裝潢,"$6,200元/月",6200,,臺中市北屯區東山路二段中興巷,2 樓/4樓,法定用途，建物面積等，可自行詢問出租方。,獨立套房,https://www.dd-room.com/object/ysxaf8mqkv0ytmpc
租租通,台中,西屯區,租屋補助🍀管理員🍀子母車🍀電梯🍀台體中科大中國醫一中,"$7,900元/月",7900,,臺中市北區一中街,6 樓/11樓,法定用途，建物面積等，可自行詢問出租方。,獨立套房,https://www.dd-room.com/object/orf2sybctgftpw19
租租通,台中,西屯區,小資專屬🍀電梯🍀子母車🍀飲水機,"$6,100元/月",6100,,臺中市西屯區甘州五街,6 樓/7樓,法定用途，建物面積等，可自行詢問出租方。,獨立套房,https://www.dd-room.com/object/i7ipfcsyjl2aaf2u
租租通,台中,西屯區,內湖分租套房,"$9,800元/月",9800,,,5 樓/6樓,法定用途，建物面積等，可自行詢問出租方。,分租套房,https://www.dd-room.com/object/m4sjrhgxxvyyelxn
